customer_id,first_name,last_name,email,phone,dob,gender,city,state,region,registration_date,status
1,Isaac,Bakshi,yash32@example.net,+918196001338,2006-05-27,Male,Surat,Gujarat,West,2021-02-26,Active
2,Avi,Issac,ckannan@example.net,00265423511,1991-04-16,Male,Kolkata,West Bengal,East,2022-06-28,Active
3,Gunbir,Parmer,aishani07@example.net,+916184959310,1980-12-10,Other,Bhopal,MP,Central,2022-12-09,Active
4,Bimala,Buch,harrisonrai@example.com,05255341928,1982-02-03,Male,Bhopal,MP,Central,2023-11-14,Inactive
5,Nihal,Shere,omadan@example.net,3503056413,2004-01-12,Male,Pune,Maharashtra,West,2022-06-06,Inactive
6,Divya,Kala,prandhawa@example.com,+914238849696,1990-01-25,Other,Mumbai,Maharashtra,West,2023-12-01,Active
7,Theodore,Devi,wchand@example.org,+912269166978,1982-07-17,Male,Nagpur,Maharashtra,West,2023-06-03,Active
8,Advay,Contractor,harini14@example.com,+917048281489,1978-12-20,Other,Surat,Gujarat,West,2021-09-13,Active
9,Michael,Prakash,aadinaik@example.com,+911543039117,1970-02-22,Female,Lucknow,Uttar Pradesh,North,2023-04-17,Inactive
10,Jeremiah,Dave,qgandhi@example.net,6383465787,1973-09-01,Male,Lucknow,Uttar Pradesh,North,2021-09-18,Inactive
11,Yug,Kar,nigamansh@example.net,3930103105,1970-04-04,Other,Indore,MP,Central,2021-12-23,Active
12,Yoshita,Khanna,vedika38@example.org,9973763116,1989-07-18,Female,Indore,MP,Central,2021-01-01,Active
13,Pallavi,Roy,rbhagat@example.net,1065133387,1974-12-22,Other,Pune,Maharashtra,West,2023-05-31,Active
14,Pahal,Goswami,turvi31@example.com,1080132677,1979-12-24,Female,Visakhapatnam,AP,South,2023-06-24,Active
15,Nandini,Bhargava,ladliagate@example.com,07468723430,2004-11-05,Other,Tirupati,AP,South,2021-12-14,Active
16,Darsh,Murthy,bedivansha@example.net,2081219136,1973-08-04,Other,Lucknow,Uttar Pradesh,North,2023-11-22,Active
17,Yatin,Baral,sainidiya@example.com,+915346247510,1996-08-14,Other,Bangalore,Karnataka,South,2022-04-27,Active
18,Harish,Borah,yashawinilanka@example.org,01354278498,1965-12-19,Male,Ahmedabad,Gujarat,West,2022-02-12,Active
19,Chandani,Chawla,aishanidalia@example.org,8244935348,1998-09-05,Female,Delhi,Delhi,North,2022-05-17,Active
20,Zayan,Behl,sampatharadhana@example.org,+915242786801,1970-07-22,Other,Visakhapatnam,AP,South,2023-04-29,Active
21,Manthan,Banik,manbir62@example.org,05053315869,1975-12-14,Female,Indore,MP,Central,2023-10-10,Active
22,Warjas,Gaba,nitarabakshi@example.org,5634216073,1979-01-06,Male,Chennai,Tamil Nadu,South,2021-01-12,Inactive
23,Triveni,Palla,vedant30@example.net,+916541458685,1967-04-25,Other,Ahmedabad,Gujarat,West,2021-12-27,Inactive
24,Jack,Lal,alkabarad@example.org,6556981693,1982-10-08,Male,Delhi,Delhi,North,2022-05-26,Inactive
25,Chaitanya,Sarin,venkateshronith@example.com,01595148465,1992-10-25,Other,Chennai,Tamil Nadu,South,2023-08-10,Active
26,Chakrika,Datta,osharaghavan@example.net,2994680443,1994-09-08,Female,Visakhapatnam,AP,South,2023-10-31,Inactive
27,Ekanta,Shroff,rsathe@example.org,7214895134,1980-09-20,Female,Kolkata,West Bengal,East,2023-08-31,Active
28,Rushil,Din,batrayash@example.com,1769367632,1965-10-23,Other,Ahmedabad,Gujarat,West,2022-07-22,Inactive
29,Hredhaan,Sandal,patrickvasa@example.com,+918317278895,1995-07-21,Female,Ahmedabad,Gujarat,West,2022-07-17,Active
30,Yamini,Sandhu,vdutt@example.com,04348734714,1981-05-23,Female,Lucknow,Uttar Pradesh,North,2022-04-26,Active
31,Anita,Nayak,faris22@example.org,02316658760,1979-07-05,Male,Surat,Gujarat,West,2021-06-15,Active
32,Osha,Ramachandran,raivansha@example.org,04668893734,1995-02-03,Other,Ahmedabad,Gujarat,West,2023-02-24,Active
33,Vedika,Balakrishnan,qnayar@example.net,02729806990,1971-02-23,Female,Pune,Maharashtra,West,2021-05-12,Inactive
34,Priya,Deshmukh,dgopal@example.com,05375564641,1997-06-09,Female,Surat,Gujarat,West,2023-08-13,Active
35,Anirudh,Zacharia,pallaudarsh@example.net,+910033092327,1973-03-21,Female,Pune,Maharashtra,West,2023-05-11,Active
36,Tejas,Shroff,jyoti29@example.net,1241904966,1978-12-06,Male,Indore,MP,Central,2023-09-04,Active
37,Faqid,Kibe,mitrajai@example.net,+915865185067,1972-08-13,Female,Lucknow,Uttar Pradesh,North,2023-03-10,Active
38,Rachita,Pathak,bdua@example.org,8498776945,1982-02-20,Female,Tirupati,AP,South,2022-03-26,Inactive
39,Gabriel,Mallick,wkohli@example.com,9650752735,1983-01-06,Female,Tirupati,AP,South,2021-03-01,Active
40,Harini,Mammen,advaith83@example.org,+916783777014,1980-07-06,Female,Indore,MP,Central,2021-12-05,Active
41,Nidhi,Kohli,jyoti78@example.net,06855744431,1978-07-16,Other,Mumbai,Maharashtra,West,2023-03-18,Active
42,Diya,Dar,rehaankalita@example.net,04989413435,1977-08-24,Male,Bangalore,Karnataka,South,2023-05-28,Inactive
43,Chasmum,Atwal,anushabath@example.org,4271094777,1988-08-14,Female,Kolkata,West Bengal,East,2021-04-13,Inactive
44,Qarin,Behl,vanya11@example.com,01902294131,2003-05-30,Female,Surat,Gujarat,West,2022-03-10,Active
45,Omaja,Kara,cseshadri@example.com,6499091334,1970-12-16,Female,Surat,Gujarat,West,2023-02-16,Inactive
46,Naksh,Khatri,falandugar@example.org,07974034471,1981-04-26,Female,Jaipur,Rajasthan,West,2021-06-17,Active
47,Aishani,Hora,icontractor@example.org,2421024994,1995-04-27,Male,Delhi,Delhi,North,2022-12-18,Active
48,Jeet,Sidhu,neha48@example.net,07190659401,1981-01-04,Male,Delhi,Delhi,North,2021-03-05,Active
49,Ansh,Luthra,gillupma@example.net,7429671756,1988-02-12,Male,Mumbai,Maharashtra,West,2021-11-09,Active
50,Ekani,Cheema,forumsabharwal@example.net,04680715451,1992-12-08,Other,Tirupati,AP,South,2021-08-23,Active
51,Yoshita,Agarwal,dsachdev@example.org,5977034824,1995-04-01,Female,Visakhapatnam,AP,South,2022-06-09,Active
52,Vedhika,Dara,khatrinathan@example.com,0861317127,1985-04-18,Female,Hyderabad,Telangana,South,2021-12-02,Active
53,Yashodhara,Mahajan,esubramanian@example.org,08263982146,1988-07-24,Other,Mumbai,Maharashtra,West,2022-10-01,Inactive
54,Yashica,Loke,mandalchanchal@example.net,7278755886,1996-06-02,Male,Indore,MP,Central,2022-02-11,Active
55,Ekanta,Gulati,leelakaur@example.com,+915766270289,1988-01-10,Other,Hyderabad,Telangana,South,2022-09-10,Active
56,Harish,Sarraf,voratanmayi@example.org,2621745961,1987-10-17,Other,Delhi,Delhi,North,2022-12-13,Inactive
57,Lajita,Nadig,nbanik@example.org,+914316117240,1968-07-25,Other,Nagpur,Maharashtra,West,2021-05-22,Active
58,Ekta,Bhalla,jagrati56@example.org,+918692221969,1981-10-27,Female,Mumbai,Maharashtra,West,2023-05-11,Active
59,Widisha,Dhar,triyakumar@example.com,00748217594,1994-04-23,Other,Bhopal,MP,Central,2023-01-12,Inactive
60,Zashil,Shan,rushil67@example.org,+916959440640,2003-12-12,Male,Chennai,Tamil Nadu,South,2023-06-11,Active
61,Chandran,Taneja,victor95@example.org,3942104709,1990-04-06,Female,Tirupati,AP,South,2023-08-11,Active
62,Karan,Chana,eta62@example.org,+918588424745,1973-04-09,Male,Surat,Gujarat,West,2022-05-18,Active
63,Upadhriti,Borra,upkaarranganathan@example.net,01604817549,1991-05-13,Female,Visakhapatnam,AP,South,2022-05-15,Inactive
64,Kamya,Chokshi,urishillabakshi@example.net,5931746120,1967-12-19,Female,Surat,Gujarat,West,2021-02-28,Active
65,Daksha,Tailor,chatterjeewahab@example.net,+916758692617,2007-05-01,Male,Kolkata,West Bengal,East,2023-09-26,Active
66,Nikita,Mammen,prabhakarteerth@example.com,03515850643,1973-09-30,Female,Jaipur,Rajasthan,West,2022-11-29,Active
67,Suhani,Chand,anshbedi@example.com,+912931839335,1975-06-23,Male,Mumbai,Maharashtra,West,2023-11-25,Active
68,Aarnav,Malhotra,kalpitzachariah@example.com,+911020539502,1983-06-29,Female,Ahmedabad,Gujarat,West,2023-04-13,Active
69,Charles,Date,hvora@example.net,+917758917839,1968-05-20,Female,Tirupati,AP,South,2023-10-03,Active
70,Charvi,Shanker,bhatvarenya@example.com,01771159212,1984-02-24,Male,Bangalore,Karnataka,South,2022-08-26,Inactive
71,Ekta,Raj,sudiksha89@example.com,+911836736576,1993-09-28,Other,Ahmedabad,Gujarat,West,2022-09-20,Active
72,Girish,Munshi,qmunshi@example.com,02711116152,2003-04-18,Female,Tirupati,AP,South,2023-12-24,Inactive
73,Darpan,Narayan,royirya@example.net,00494519832,1998-03-31,Other,Surat,Gujarat,West,2022-12-22,Inactive
74,Udarsh,Chokshi,jhalak14@example.net,+916899809402,1984-01-12,Female,Jaipur,Rajasthan,West,2022-09-20,Active
75,Dayamai,Nori,abeer22@example.net,6120183667,1988-08-19,Female,Hyderabad,Telangana,South,2022-01-30,Active
76,Nakul,Pingle,ekta99@example.org,+912290147679,1995-07-08,Male,Kolkata,West Bengal,East,2022-01-28,Inactive
77,Oeshi,Mahajan,yauvanicomar@example.com,01497840369,1969-02-28,Other,Jaipur,Rajasthan,West,2023-12-11,Active
78,Abhimanyu,Jayaraman,siddharth24@example.com,01076226838,2003-06-16,Female,Hyderabad,Telangana,South,2022-02-02,Active
79,Irya,Bora,bbasak@example.org,01596966416,1966-11-08,Female,Nagpur,Maharashtra,West,2022-01-03,Active
80,Ekta,Garg,fpathak@example.com,+913696816453,1988-02-06,Male,Chennai,Tamil Nadu,South,2022-07-16,Active
81,Om,Bose,waliyashvi@example.org,05231243292,1970-07-24,Other,Lucknow,Uttar Pradesh,North,2021-09-16,Inactive
82,Peter,Tak,rsen@example.net,9552717744,2005-09-05,Other,Hyderabad,Telangana,South,2021-01-26,Active
83,Daksh,Pandey,mukherjeetriya@example.com,+910541199867,2004-12-04,Female,Tirupati,AP,South,2023-09-08,Active
84,Benjamin,Sengupta,ekantasoni@example.net,+910715182037,1995-05-03,Female,Kolkata,West Bengal,East,2021-04-16,Inactive
85,Nathan,Patla,barkha66@example.com,9051518644,2006-06-13,Female,Hyderabad,Telangana,South,2021-05-14,Inactive
86,Mason,Nath,dhaliwalinaya@example.com,6291486528,1971-10-17,Male,Bangalore,Karnataka,South,2021-04-20,Active
87,Pallavi,Trivedi,andrew54@example.org,+915733221418,2002-03-02,Male,Lucknow,Uttar Pradesh,North,2021-06-24,Active
88,Baljiwan,Nayar,krishadube@example.org,+919270653794,1995-12-26,Other,Bhopal,MP,Central,2022-04-08,Inactive
89,Vivaan,Walla,dayamaisingh@example.org,09774688623,2006-07-31,Female,Visakhapatnam,AP,South,2023-06-26,Inactive
90,Lakshit,Krishna,srivastavakamya@example.net,+918141247826,1971-09-04,Other,Lucknow,Uttar Pradesh,North,2021-05-04,Active
91,Tristan,Seshadri,avi60@example.com,5361530515,1975-05-17,Female,Pune,Maharashtra,West,2022-03-09,Active
92,Laksh,Barad,urmi27@example.com,0104328986,1972-12-31,Male,Kolkata,West Bengal,East,2022-05-07,Active
93,Bhavya,Khanna,jairaj03@example.com,9711798089,1981-11-24,Female,Kolkata,West Bengal,East,2021-01-06,Inactive
94,Maanas,Manne,nagarwal@example.com,+919621851888,1999-12-24,Male,Tirupati,AP,South,2022-08-20,Active
95,Anmol,Ramakrishnan,obassi@example.com,04051531952,1968-06-13,Other,Lucknow,Uttar Pradesh,North,2022-08-03,Inactive
96,Indira,Nigam,ucchalsrinivas@example.net,+912170430305,1986-07-14,Female,Bangalore,Karnataka,South,2022-04-24,Active
97,Yutika,Rao,ckulkarni@example.net,+914505415667,1991-09-30,Other,Bhopal,MP,Central,2021-08-24,Active
98,Harinakshi,Grover,xtank@example.net,01616928451,1970-11-19,Male,Chennai,Tamil Nadu,South,2022-06-29,Active
99,Falak,Merchant,sanaya96@example.org,7570596401,1993-01-28,Female,Delhi,Delhi,North,2021-12-06,Active
100,Januja,Varghese,azaandhar@example.net,7021355690,2006-08-11,Female,Visakhapatnam,AP,South,2021-09-12,Active
101,Mitesh,Sengupta,kamya71@example.net,+918565431027,2000-08-31,Other,Indore,MP,Central,2022-07-12,Inactive
102,Lila,Dalal,abha73@example.net,07312172715,1989-01-28,Other,Visakhapatnam,AP,South,2021-06-14,Active
103,Dhruv,Mannan,nakul25@example.net,+911323705895,1997-03-29,Other,Bhopal,MP,Central,2022-10-23,Active
104,Kai,Chadha,moremitali@example.net,7866912517,1997-02-18,Male,Mumbai,Maharashtra,West,2021-07-07,Active
105,Zansi,Padmanabhan,qabildayal@example.com,0182422535,2000-09-29,Male,Jaipur,Rajasthan,West,2021-03-24,Inactive
106,Bhanumati,Brar,ronith84@example.org,4981829922,2007-12-06,Male,Visakhapatnam,AP,South,2022-07-24,Inactive
107,Geetika,Barman,bumbchakradev@example.net,4396907844,1998-04-19,Female,Tirupati,AP,South,2021-07-06,Active
108,Yash,Ravi,sudiksha10@example.org,06773592555,1992-07-26,Female,Bhopal,MP,Central,2022-11-14,Active
109,Kalpit,Prabhakar,nagarwyatt@example.com,+914732104696,1982-04-30,Female,Kolkata,West Bengal,East,2022-11-07,Inactive
110,Nathaniel,Narang,ranveer27@example.net,07470168733,2005-02-17,Other,Lucknow,Uttar Pradesh,North,2023-04-01,Active
111,Ira,Bava,mandawarda@example.net,7480162456,1990-05-03,Female,Visakhapatnam,AP,South,2021-06-30,Active
112,Chakradev,Rattan,hayerjanani@example.net,01687849912,1972-01-06,Female,Surat,Gujarat,West,2021-08-26,Active
113,Meera,Prakash,jasmit23@example.net,6800025787,1975-07-27,Male,Visakhapatnam,AP,South,2023-04-27,Active
114,Yutika,Dey,eiravati26@example.net,4958887947,1966-07-26,Other,Nagpur,Maharashtra,West,2023-10-18,Inactive
115,Jyoti,Narula,sahadarika@example.net,0974993097,1977-01-14,Female,Delhi,Delhi,North,2022-02-21,Active
116,Lajita,Divan,azadchoudhary@example.org,+917562636897,1969-09-03,Other,Lucknow,Uttar Pradesh,North,2023-06-17,Inactive
117,Lakshit,Venkataraman,ektasridhar@example.net,05278585497,1978-07-08,Other,Hyderabad,Telangana,South,2021-03-01,Active
118,Yatin,Mallick,umang44@example.net,+917575844198,1991-04-10,Other,Kolkata,West Bengal,East,2022-09-29,Active
119,Megha,Pai,binabasak@example.com,1574733848,1983-12-02,Male,Bhopal,MP,Central,2021-07-10,Active
120,Laksh,Chopra,xavierbedi@example.net,3301657120,2002-11-20,Other,Visakhapatnam,AP,South,2021-08-29,Active
121,Nakul,Ray,psood@example.org,05401938026,1977-05-25,Other,Tirupati,AP,South,2022-08-21,Active
122,Balhaar,Ranganathan,vgrewal@example.com,+910499154788,1999-01-17,Female,Bhopal,MP,Central,2023-09-16,Active
123,Krish,Thaman,mmahajan@example.org,02742054932,2007-01-04,Female,Visakhapatnam,AP,South,2021-10-24,Active
124,Nidra,Sane,gabriel61@example.org,+917530463745,1985-12-24,Female,Chennai,Tamil Nadu,South,2021-05-23,Inactive
125,Advay,Lal,warinder01@example.com,02684145933,1974-07-10,Female,Surat,Gujarat,West,2023-11-06,Active
126,Vanya,Dua,aprakash@example.net,7833918785,1970-10-01,Other,Lucknow,Uttar Pradesh,North,2022-09-04,Inactive
127,Isaac,Bhatia,masongala@example.com,7139718707,1974-05-31,Other,Chennai,Tamil Nadu,South,2023-07-04,Inactive
128,Yochana,Sagar,jbhardwaj@example.com,4064039106,1988-11-17,Other,Nagpur,Maharashtra,West,2022-11-12,Inactive
129,Devansh,Bhasin,sodhiazad@example.com,02265676618,1974-06-26,Male,Visakhapatnam,AP,South,2022-10-22,Active
130,Ijaya,Dani,mayawadhwa@example.org,3004786863,1982-04-11,Female,Indore,MP,Central,2022-04-24,Active
131,Triveni,Pal,anyagulati@example.net,+910690331190,1995-10-25,Other,Surat,Gujarat,West,2023-08-27,Inactive
132,Chanakya,Konda,rattireva@example.org,3028439599,1987-04-04,Female,Indore,MP,Central,2021-11-08,Active
133,Warjas,Mittal,timothysachdev@example.com,00892687056,2001-02-14,Other,Chennai,Tamil Nadu,South,2023-10-26,Active
134,Eiravati,Saha,tdixit@example.com,+918733427086,1993-10-11,Male,Hyderabad,Telangana,South,2023-06-21,Inactive
135,Krish,Rama,aadhyajani@example.com,1751830469,2006-06-18,Female,Mumbai,Maharashtra,West,2021-10-23,Active
136,Balveer,Bora,teerthsrinivas@example.org,04033173936,1981-09-20,Female,Bangalore,Karnataka,South,2023-08-20,Active
137,Ekanta,Mandal,ishukla@example.net,04458771753,1990-08-29,Female,Indore,MP,Central,2021-06-14,Inactive
138,Dhriti,Sachdev,kantmadhav@example.org,08996423536,2004-03-17,Other,Surat,Gujarat,West,2023-09-27,Active
139,Yatan,Tata,aarini77@example.com,+915228728080,1970-06-29,Other,Bangalore,Karnataka,South,2022-04-26,Active
140,Chanakya,Ahuja,odevan@example.org,+912038750997,1998-08-19,Female,Ahmedabad,Gujarat,West,2021-07-05,Active
141,Amol,Ahuja,barora@example.net,4840862118,1975-07-26,Male,Hyderabad,Telangana,South,2023-06-28,Active
142,Wridesh,Handa,irya46@example.org,06793341016,1991-03-30,Female,Mumbai,Maharashtra,West,2021-04-05,Active
143,Krishna,Soni,andraonveer@example.org,06591803397,1983-11-19,Female,Lucknow,Uttar Pradesh,North,2023-01-05,Inactive
144,Chakradhar,Borde,bachittar25@example.org,+919261429396,2002-03-21,Other,Chennai,Tamil Nadu,South,2022-05-16,Inactive
145,Garima,Rajagopalan,farhantella@example.net,00163159996,1987-08-24,Male,Kolkata,West Bengal,East,2021-12-15,Active
146,Ayushman,Mahajan,oswaminathan@example.com,6629619431,1971-01-07,Female,Indore,MP,Central,2022-05-09,Active
147,Amrita,Dube,vdube@example.com,05110475412,1971-05-17,Other,Ahmedabad,Gujarat,West,2023-08-03,Active
148,Rachit,Sankar,avala@example.org,+911581995604,1993-08-05,Other,Visakhapatnam,AP,South,2022-06-07,Active
149,Lipika,Chad,omkaarrai@example.org,+914447212646,1985-10-31,Other,Visakhapatnam,AP,South,2022-08-13,Active
150,Veda,Bose,zayan37@example.net,3712406596,1987-11-10,Female,Bangalore,Karnataka,South,2023-06-24,Active
151,Ria,Natt,tdeshpande@example.com,3752654793,1987-08-11,Female,Bhopal,MP,Central,2022-05-28,Active
152,Krisha,Mand,hpatla@example.net,+919828073741,1993-04-11,Female,Pune,Maharashtra,West,2023-02-27,Active
153,Xalak,Dewan,wyatt42@example.net,06179796886,2002-06-06,Other,Ahmedabad,Gujarat,West,2023-02-21,Active
154,Balhaar,Parsa,choprayuvraj@example.net,5290965610,1972-02-22,Male,Lucknow,Uttar Pradesh,North,2022-08-28,Inactive
155,Aarna,Kapadia,sanayaprasad@example.com,09825071461,1973-05-01,Other,Jaipur,Rajasthan,West,2021-01-17,Active
156,Lucky,Pall,hemal73@example.net,05717751401,1966-12-21,Male,Tirupati,AP,South,2022-08-10,Active
157,Hemal,Chopra,yagneshvarty@example.org,2586736226,1992-05-09,Other,Ahmedabad,Gujarat,West,2022-01-25,Active
158,Ayush,Hora,ysanghvi@example.org,3341918255,1978-11-05,Other,Chennai,Tamil Nadu,South,2021-07-18,Active
159,Tanvi,Comar,vrishti85@example.net,09691557924,2007-04-02,Male,Lucknow,Uttar Pradesh,North,2023-06-22,Active
160,Frado,Desai,jacob34@example.org,+915286692966,1978-01-27,Female,Chennai,Tamil Nadu,South,2021-07-04,Active
161,Vidhi,Yogi,ojassuri@example.com,+912579050723,1991-07-24,Male,Bhopal,MP,Central,2021-12-26,Active
162,Yashasvi,Talwar,aswamy@example.net,07219034043,2002-01-07,Other,Nagpur,Maharashtra,West,2023-12-24,Active
163,Bhavya,Ganguly,jtandon@example.net,+919148580783,1994-05-14,Female,Kolkata,West Bengal,East,2022-06-11,Active
164,Harsh,Kota,bachittar74@example.com,+917133959629,1974-11-28,Female,Surat,Gujarat,West,2021-08-24,Active
165,Samuel,Jhaveri,panchalavni@example.net,2544948126,1969-06-20,Other,Chennai,Tamil Nadu,South,2022-04-08,Inactive
166,Aradhana,Date,zaiddhingra@example.net,03672946671,1971-10-08,Female,Nagpur,Maharashtra,West,2021-07-04,Active
167,Neha,Varma,jyoti77@example.com,0175186363,1999-02-06,Female,Jaipur,Rajasthan,West,2021-09-11,Active
168,Amrita,Naidu,geetika89@example.org,7500170127,1996-07-01,Other,Jaipur,Rajasthan,West,2023-02-20,Active
169,Aadi,Sangha,kevinmittal@example.org,01541520643,1994-08-23,Female,Hyderabad,Telangana,South,2022-04-24,Active
170,Gavin,Chandran,kalavansha@example.org,+919387005162,1997-12-10,Other,Surat,Gujarat,West,2022-03-30,Active
171,Ekavir,Karnik,uchakraborty@example.org,+915542622189,1966-01-04,Other,Visakhapatnam,AP,South,2022-09-11,Inactive
172,Nitesh,Sarraf,tanay26@example.net,7311219656,1986-11-02,Male,Hyderabad,Telangana,South,2021-10-14,Active
173,Logan,Kota,frado38@example.net,9404389836,1985-07-18,Male,Lucknow,Uttar Pradesh,North,2023-10-06,Active
174,Chatura,Khatri,hraju@example.org,09180552696,1990-04-20,Female,Ahmedabad,Gujarat,West,2021-10-05,Inactive
175,Orinder,Sinha,badalekansh@example.org,03006848666,1971-01-16,Other,Nagpur,Maharashtra,West,2023-05-09,Active
176,Michael,Mall,mukherjeefarhan@example.net,+912856914630,1982-01-26,Female,Bhopal,MP,Central,2021-07-22,Inactive
177,Gabriel,Saraf,settychristopher@example.com,2102027588,1983-01-28,Other,Jaipur,Rajasthan,West,2021-03-09,Active
178,Ojas,Prabhu,amrutadalal@example.org,06481491778,1989-12-09,Female,Pune,Maharashtra,West,2023-06-28,Active
179,Christopher,Tata,jhalakdugar@example.com,+919138000307,1990-03-15,Other,Nagpur,Maharashtra,West,2021-07-23,Active
180,Leela,Doctor,balendrasaini@example.org,03654195180,1977-08-21,Female,Nagpur,Maharashtra,West,2021-05-05,Active
181,Udant,Varty,rattanekapad@example.com,04518705349,1986-02-11,Female,Pune,Maharashtra,West,2021-09-08,Active
182,Xavier,Shetty,wakeeta38@example.org,+910603850506,1986-05-12,Male,Pune,Maharashtra,West,2021-02-13,Active
183,Hemang,Jha,oniswamy@example.org,+914103865719,1971-12-09,Other,Ahmedabad,Gujarat,West,2021-09-15,Active
184,Yashasvi,Deol,lborde@example.net,+916234456557,1983-12-10,Other,Bangalore,Karnataka,South,2022-03-01,Active
185,Vivaan,Borde,labanchopra@example.org,+912775618537,1986-06-01,Male,Ahmedabad,Gujarat,West,2022-11-04,Active
186,Ubika,Lanka,chananakul@example.net,09035213568,1968-10-06,Male,Jaipur,Rajasthan,West,2021-10-24,Active
187,Chandani,Lad,azaanravel@example.com,8317121003,1974-04-30,Other,Kolkata,West Bengal,East,2021-08-14,Active
188,Rudra,Rattan,frado99@example.com,+910137215107,1968-11-17,Female,Chennai,Tamil Nadu,South,2021-01-31,Active
189,Om,Sant,btaneja@example.com,6253244720,2007-03-23,Male,Surat,Gujarat,West,2021-02-02,Active
190,Yatan,Merchant,jsabharwal@example.com,+911462638380,1991-06-19,Other,Delhi,Delhi,North,2021-09-17,Inactive
191,Jagrati,Srinivasan,kpadmanabhan@example.net,06420593040,1997-07-13,Female,Hyderabad,Telangana,South,2021-05-11,Inactive
192,Ishita,Kaul,harishkota@example.net,+914803965223,2005-10-03,Other,Nagpur,Maharashtra,West,2023-11-18,Active
193,Eesha,Parmer,pandeylucky@example.net,+917842701039,1980-04-28,Male,Visakhapatnam,AP,South,2023-10-29,Active
194,Anmol,Vyas,vacharya@example.net,+912525002921,2001-04-01,Other,Lucknow,Uttar Pradesh,North,2023-07-28,Active
195,Janya,Bora,meghana91@example.com,05226752895,1980-08-16,Female,Delhi,Delhi,North,2023-09-08,Inactive
196,Parth,Radhakrishnan,chaitaly22@example.net,+919690295939,1972-07-08,Other,Hyderabad,Telangana,South,2023-10-02,Inactive
197,Watika,Dhaliwal,faras35@example.com,+911570433154,1972-10-14,Female,Bangalore,Karnataka,South,2021-06-15,Active
198,Aarav,Bava,usarma@example.com,+916765861793,1976-07-02,Female,Bangalore,Karnataka,South,2021-09-16,Active
199,Siya,Borah,menonanmol@example.com,01152621815,2005-11-09,Female,Indore,MP,Central,2023-12-23,Inactive
200,Vasudha,Balasubramanian,mgala@example.com,+910153368844,1985-09-02,Other,Bhopal,MP,Central,2021-07-23,Active
201,Wazir,Char,ramaswamyvritti@example.org,+915061497310,1979-07-08,Female,Pune,Maharashtra,West,2023-05-31,Active
202,Onkar,Manne,solankijack@example.com,07741862565,1978-02-17,Female,Bhopal,MP,Central,2022-11-26,Inactive
203,Sanaya,Basu,ria74@example.org,09021158693,2003-02-08,Female,Bhopal,MP,Central,2021-07-14,Inactive
204,Darsh,Ram,rwason@example.com,3741608989,2007-08-23,Female,Surat,Gujarat,West,2022-06-07,Active
205,Manan,Dara,kghose@example.org,+912061632945,1969-12-29,Male,Tirupati,AP,South,2021-05-18,Active
206,Gagan,Rama,rnanda@example.net,00998616229,2005-06-11,Male,Bangalore,Karnataka,South,2023-06-04,Active
207,Harish,Cherian,mangalhemangini@example.com,06799702462,2007-07-04,Other,Chennai,Tamil Nadu,South,2021-05-03,Active
208,Neelima,Barad,snarula@example.org,+917450544471,1980-12-11,Female,Hyderabad,Telangana,South,2023-04-22,Inactive
209,Krish,Mital,rnagi@example.net,09137367850,2000-07-01,Other,Delhi,Delhi,North,2022-08-13,Active
210,Nathan,Bhatti,yashawini62@example.net,0233030705,1978-12-25,Other,Nagpur,Maharashtra,West,2021-08-01,Active
211,Anusha,Pillay,ztiwari@example.net,+910357972798,1989-03-27,Male,Chennai,Tamil Nadu,South,2023-09-15,Active
212,Hemangini,Gade,gautam40@example.com,+912933334680,1966-01-15,Male,Nagpur,Maharashtra,West,2023-01-23,Active
213,Urvi,Deo,abhiramkapur@example.com,4466574374,2000-11-11,Other,Ahmedabad,Gujarat,West,2023-05-29,Active
214,Mekhala,Chaudry,vaidyakavya@example.net,9944171545,1984-04-11,Male,Jaipur,Rajasthan,West,2021-03-01,Active
215,Advika,Misra,masonvarughese@example.org,+919652074466,1991-11-09,Female,Lucknow,Uttar Pradesh,North,2022-11-27,Active
216,Balendra,Gupta,tristan87@example.net,08428241724,2003-06-23,Other,Kolkata,West Bengal,East,2021-10-21,Inactive
217,Qadim,Nayak,kapadiaisha@example.org,4655494717,1969-02-01,Other,Bangalore,Karnataka,South,2021-10-18,Active
218,Ekavir,Sodhi,xitidar@example.net,08460223569,1996-07-27,Male,Bangalore,Karnataka,South,2023-12-23,Inactive
219,Luke,Mutti,farissura@example.com,2500743292,1998-10-01,Female,Bhopal,MP,Central,2023-07-19,Active
220,Gaurang,Dayal,zsanghvi@example.com,06008350583,1966-08-27,Other,Nagpur,Maharashtra,West,2022-10-01,Active
221,Aayush,Kothari,hemanginimuni@example.org,+916894210447,2000-11-02,Male,Bangalore,Karnataka,South,2021-04-18,Active
222,Geetika,Saraf,hemasuri@example.com,+912603323098,1976-12-07,Female,Delhi,Delhi,North,2021-06-17,Inactive
223,Jatin,Peri,prashadaadhya@example.net,0901001676,1973-11-04,Other,Bhopal,MP,Central,2023-09-22,Inactive
224,Zayyan,Som,sameshandra@example.com,01849926189,1973-06-12,Male,Bhopal,MP,Central,2022-07-14,Active
225,Barkha,Comar,tankrushil@example.net,+914835642087,1979-07-27,Male,Nagpur,Maharashtra,West,2023-05-31,Active
226,Vasana,Narayanan,aarnavarya@example.net,+911972181143,1996-07-07,Other,Tirupati,AP,South,2023-12-16,Active
227,Chaman,Lalla,gbedi@example.org,+914556110022,1987-10-19,Female,Delhi,Delhi,North,2022-03-28,Active
228,Ishita,Sarma,girik55@example.org,+916674676212,1969-06-04,Female,Mumbai,Maharashtra,West,2022-02-23,Active
229,Nathaniel,Chawla,zsubramanian@example.net,7296590277,1973-02-13,Female,Chennai,Tamil Nadu,South,2022-06-08,Active
230,Nisha,Sastry,bhatnagaradvika@example.net,00899358891,1994-11-21,Female,Hyderabad,Telangana,South,2021-01-16,Inactive
231,Yuvraj,Subramaniam,lekha28@example.net,+910287721753,1987-12-14,Female,Kolkata,West Bengal,East,2021-09-22,Active
232,Arunima,Bedi,kritikarau@example.org,+917797177517,1966-08-23,Female,Nagpur,Maharashtra,West,2021-05-28,Active
233,Harshil,Raval,jbanik@example.net,+911994883755,1969-02-16,Female,Bhopal,MP,Central,2021-02-08,Active
234,Udant,Sha,urvashi57@example.org,+913055488510,1976-08-09,Other,Surat,Gujarat,West,2023-05-30,Inactive
235,Waida,Dey,qchhabra@example.net,+913163735160,2005-07-02,Male,Bhopal,MP,Central,2022-08-16,Inactive
236,Jatin,Seshadri,ithaman@example.com,+918086978292,1974-03-03,Male,Mumbai,Maharashtra,West,2022-10-28,Inactive
237,Hemang,Ram,yamini66@example.net,3465472269,2000-04-18,Female,Nagpur,Maharashtra,West,2021-06-30,Active
238,Chandani,Murthy,saikadakia@example.net,4522885158,1998-02-14,Other,Ahmedabad,Gujarat,West,2023-06-12,Inactive
239,Omisha,Walla,pahal08@example.org,+916200342442,1969-08-27,Female,Bangalore,Karnataka,South,2023-03-22,Active
240,Chakrika,Jani,parmersneha@example.org,8386384066,1993-10-12,Male,Ahmedabad,Gujarat,West,2022-11-14,Active
241,Dhriti,Bhagat,krishnamurthysamaksh@example.net,03598933472,1970-07-02,Other,Hyderabad,Telangana,South,2023-12-23,Active
242,Rachit,Ghose,purohitbanjeet@example.com,08422940572,1968-02-25,Other,Nagpur,Maharashtra,West,2022-12-21,Active
243,Mitesh,Naidu,mitravritti@example.net,5158328182,1993-09-27,Male,Ahmedabad,Gujarat,West,2021-07-30,Active
244,Netra,Chanda,timothy35@example.com,04398780157,1981-10-15,Other,Pune,Maharashtra,West,2021-12-22,Active
245,Yagnesh,Baral,lakshmi16@example.com,4085887704,1978-07-14,Other,Bangalore,Karnataka,South,2021-12-29,Inactive
246,Ekani,Varkey,charoliver@example.net,0133613861,1975-11-24,Other,Visakhapatnam,AP,South,2023-07-09,Active
247,Arjun,Sharaf,baljiwan11@example.org,+914819346676,1994-11-25,Female,Surat,Gujarat,West,2021-11-06,Active
248,Diya,Badal,idani@example.org,9190158144,2006-09-17,Other,Tirupati,AP,South,2023-06-25,Active
249,Gabriel,Manda,zraj@example.net,+917283268424,1990-10-29,Female,Jaipur,Rajasthan,West,2021-04-26,Active
250,Advay,Dhaliwal,barmanabdul@example.net,6881435368,1975-02-16,Female,Lucknow,Uttar Pradesh,North,2023-08-04,Active
251,Naveen,Gour,zayyanhari@example.org,+919087814141,1978-11-13,Female,Delhi,Delhi,North,2023-01-26,Active
252,Vidhi,Narayanan,kabir31@example.com,1357759492,2003-12-02,Female,Bangalore,Karnataka,South,2023-11-05,Inactive
253,Janya,Mutti,aganguly@example.com,+913645257775,1986-03-22,Other,Delhi,Delhi,North,2023-07-11,Active
254,Vidhi,Chopra,finnmand@example.org,3411080996,2005-08-02,Other,Surat,Gujarat,West,2023-09-02,Active
255,Simon,Bansal,urmi25@example.com,+919427881658,1966-02-26,Male,Delhi,Delhi,North,2023-07-12,Active
256,William,Gandhi,sanayadutta@example.org,9275037314,1990-07-29,Other,Bangalore,Karnataka,South,2023-10-31,Active
257,Vivaan,Basak,zarnapatel@example.com,07005184498,2004-03-26,Other,Delhi,Delhi,North,2022-05-23,Inactive
258,Owen,Puri,lpau@example.net,+918463865577,2006-07-20,Other,Visakhapatnam,AP,South,2023-12-10,Active
259,Abeer,Thaker,riagandhi@example.org,+918432225913,1993-08-25,Female,Nagpur,Maharashtra,West,2023-02-03,Inactive
260,Ganga,Comar,esrinivas@example.org,2603029922,2008-04-10,Other,Bhopal,MP,Central,2022-11-24,Active
261,Yauvani,Baral,dakshganesan@example.com,+918699041379,1997-07-07,Female,Surat,Gujarat,West,2021-05-15,Active
262,Vasatika,Garde,nirjadhar@example.net,+919842579913,1991-03-04,Female,Indore,MP,Central,2022-08-05,Active
263,Lekha,Deo,babusamaksh@example.net,6291279908,1999-09-08,Other,Surat,Gujarat,West,2021-06-16,Active
264,Jacob,Chander,mde@example.net,+916865086376,1989-04-15,Other,Nagpur,Maharashtra,West,2022-09-28,Inactive
265,Guneet,Sandal,aachalsood@example.org,+914986430098,1973-06-14,Female,Chennai,Tamil Nadu,South,2021-06-23,Inactive
266,Zinal,Amble,sjha@example.com,05126944869,1990-04-26,Other,Surat,Gujarat,West,2021-09-19,Active
267,Anya,Ranganathan,odikasubramanian@example.org,08874495621,1981-01-25,Female,Bhopal,MP,Central,2023-11-08,Active
268,Sanya,Edwin,kalayashoda@example.com,08902601279,1995-01-23,Male,Nagpur,Maharashtra,West,2022-09-25,Active
269,Gaurang,Bhatt,tristan51@example.net,+916698490277,1966-03-01,Male,Surat,Gujarat,West,2023-09-23,Active
270,Saksham,Vasa,robert09@example.net,3920530214,1992-08-12,Male,Chennai,Tamil Nadu,South,2021-11-14,Active
271,Ira,Rana,hiyer@example.org,1184895543,2006-09-12,Other,Hyderabad,Telangana,South,2023-11-06,Active
272,Robert,Sha,qagrawal@example.org,08181845184,2002-01-14,Other,Surat,Gujarat,West,2021-09-26,Inactive
273,Zashil,Savant,xsule@example.org,07790714163,1981-01-29,Male,Chennai,Tamil Nadu,South,2021-11-29,Active
274,Diya,Sachar,zaitra80@example.net,03416518275,1989-06-29,Female,Visakhapatnam,AP,South,2021-03-31,Active
275,Tejas,Luthra,ranveertara@example.net,+913343333952,1972-09-10,Other,Ahmedabad,Gujarat,West,2023-06-29,Active
276,Jagdish,Brar,wahuja@example.net,+917595794728,1984-07-04,Other,Visakhapatnam,AP,South,2022-04-25,Active
277,Mitali,Kapadia,chaturavora@example.com,08085627187,1986-11-30,Male,Lucknow,Uttar Pradesh,North,2023-08-19,Active
278,Abhiram,Arora,ladlichaudhuri@example.com,09428434795,1990-05-03,Female,Visakhapatnam,AP,South,2023-08-04,Inactive
279,Qarin,Tara,akade@example.net,05647292931,1983-10-21,Male,Bhopal,MP,Central,2021-11-28,Active
280,Warinder,Sankaran,jhayre@example.net,+917026728857,1985-11-07,Other,Jaipur,Rajasthan,West,2021-04-17,Inactive
281,Zashil,Batta,schaudhary@example.org,+913471754558,2003-05-16,Other,Nagpur,Maharashtra,West,2021-07-30,Active
282,Aarini,Padmanabhan,sabharwaljairaj@example.com,9399824558,1998-08-10,Male,Lucknow,Uttar Pradesh,North,2021-06-21,Active
283,Sanya,Brar,dmangat@example.net,+912569961125,1980-12-18,Male,Visakhapatnam,AP,South,2023-11-18,Inactive
284,Dipta,Nadig,amara96@example.com,05987622023,1982-07-23,Female,Bangalore,Karnataka,South,2022-03-31,Active
285,Fariq,Kade,mekhalachauhan@example.org,+917800681149,1976-01-01,Male,Mumbai,Maharashtra,West,2023-04-30,Inactive
286,Frado,Ramakrishnan,veer34@example.com,2282005577,2002-03-22,Female,Nagpur,Maharashtra,West,2022-04-28,Active
287,Anita,Saxena,petershan@example.net,9688457831,1995-07-03,Male,Nagpur,Maharashtra,West,2022-04-05,Active
288,Darika,Pau,jlad@example.com,+910825478077,1985-10-27,Male,Hyderabad,Telangana,South,2022-11-18,Active
289,Aditya,Sani,vihaan08@example.com,+916866326634,1970-10-28,Female,Delhi,Delhi,North,2022-08-11,Active
290,Pahal,Khatri,bhavani84@example.com,+911224179749,1998-11-30,Other,Tirupati,AP,South,2023-07-08,Active
291,Raghav,Nagi,doshichandran@example.net,+912144270312,1966-06-08,Female,Bangalore,Karnataka,South,2021-02-08,Active
292,Wakeeta,Kalla,osha47@example.com,00512046187,1977-10-16,Female,Chennai,Tamil Nadu,South,2023-12-17,Active
293,Rehaan,Krishna,harora@example.net,+916730371837,1991-11-30,Female,Lucknow,Uttar Pradesh,North,2022-05-02,Active
294,Devika,Naidu,brijeshverma@example.org,07435031365,1966-06-17,Female,Delhi,Delhi,North,2022-05-04,Inactive
295,Oliver,Majumdar,randhawaxavier@example.org,+919792513271,2007-07-14,Female,Bangalore,Karnataka,South,2021-08-16,Active
296,Hamsini,Bhasin,parekhmitesh@example.net,1273585730,1991-02-21,Female,Ahmedabad,Gujarat,West,2021-10-22,Inactive
297,Ishita,Desai,balveer77@example.net,08739285574,2006-03-05,Male,Mumbai,Maharashtra,West,2022-12-24,Inactive
298,Naveen,Biswas,shivanimerchant@example.com,5708620959,1981-09-07,Other,Kolkata,West Bengal,East,2021-06-25,Active
299,Ekani,Bhatnagar,hgupta@example.net,08294565118,1969-12-21,Other,Bangalore,Karnataka,South,2023-12-14,Active
300,Caleb,Dayal,azadjaggi@example.org,03109678994,1968-10-10,Male,Indore,MP,Central,2023-08-21,Inactive
301,Jeevika,Kant,aryasathvik@example.net,01705865094,2001-06-07,Other,Nagpur,Maharashtra,West,2022-06-04,Active
302,Banjeet,Bobal,faras38@example.org,+913863383928,2003-06-01,Female,Nagpur,Maharashtra,West,2021-05-19,Active
303,Ojasvi,Cherian,tara61@example.org,+918685289755,2002-11-13,Male,Hyderabad,Telangana,South,2022-11-12,Active
304,Ekta,Prabhu,usani@example.com,3983684577,1992-06-15,Other,Nagpur,Maharashtra,West,2022-11-25,Active
305,Aadi,Banerjee,amol82@example.com,+914335048889,2004-05-01,Other,Visakhapatnam,AP,South,2023-09-08,Active
306,Mohammed,Chandra,sharmaishani@example.org,+914593344196,2004-02-28,Other,Chennai,Tamil Nadu,South,2021-05-10,Inactive
307,Teerth,Brahmbhatt,vasudha27@example.net,9194096105,1989-02-09,Male,Delhi,Delhi,North,2022-08-24,Active
308,Radha,Saha,karanadvay@example.net,6048058925,1999-08-16,Female,Pune,Maharashtra,West,2021-03-27,Active
309,Timothy,Dua,ramaswamysanaya@example.net,8136462251,1997-10-25,Female,Indore,MP,Central,2023-08-28,Active
310,Chandran,Rastogi,frederick68@example.com,2278376938,2007-05-09,Female,Pune,Maharashtra,West,2022-08-09,Active
311,Yatin,Kibe,lataqushi@example.com,9116655355,2005-11-05,Male,Surat,Gujarat,West,2022-07-14,Active
312,Arjun,Mody,inayasathe@example.net,+917033521103,2007-09-11,Other,Bhopal,MP,Central,2023-03-31,Inactive
313,Manbir,Mani,ozaindrajit@example.com,07053833884,2002-10-12,Male,Indore,MP,Central,2022-11-26,Inactive
314,Vasudha,Dhaliwal,puricaleb@example.com,+910439407016,1983-11-24,Other,Tirupati,AP,South,2023-01-23,Active
315,Jagvi,Chokshi,masterlibni@example.org,08157981238,1996-08-07,Male,Bangalore,Karnataka,South,2023-05-20,Inactive
316,Anthony,Baral,dalajanath@example.com,02055543840,2008-01-08,Female,Kolkata,West Bengal,East,2022-08-25,Active
317,Aarini,Ram,mammenumang@example.org,06216893639,1975-10-30,Other,Bangalore,Karnataka,South,2022-11-03,Active
318,Pooja,Muni,saumya82@example.org,2983248262,2003-11-15,Other,Lucknow,Uttar Pradesh,North,2023-07-03,Inactive
319,Nakul,Nadkarni,waliajagat@example.org,02056647423,1972-09-12,Female,Kolkata,West Bengal,East,2023-06-29,Inactive
320,Karan,Goyal,lokevihaan@example.net,+913051728975,1977-12-14,Other,Delhi,Delhi,North,2022-12-24,Inactive
321,Lila,Swamy,kdevan@example.org,+910604633312,1995-04-30,Male,Jaipur,Rajasthan,West,2021-04-28,Inactive
322,Vrishti,Nair,bkoshy@example.com,+919656999880,2000-11-11,Other,Nagpur,Maharashtra,West,2023-11-17,Active
323,Ikbal,Seth,pbasak@example.net,6086803476,1986-02-27,Other,Mumbai,Maharashtra,West,2021-10-20,Inactive
324,Bhavika,Shenoy,pahalmenon@example.net,+918277181298,1974-08-23,Male,Delhi,Delhi,North,2021-09-16,Active
325,Maya,Sachdev,shravya02@example.com,3714521117,1990-02-18,Female,Nagpur,Maharashtra,West,2023-01-12,Active
326,Frederick,Viswanathan,nvaidya@example.org,08602592222,1968-12-04,Female,Chennai,Tamil Nadu,South,2023-07-11,Active
327,Oni,Morar,sanaya42@example.org,+913094077780,2006-10-22,Other,Visakhapatnam,AP,South,2021-06-07,Active
328,Wakeeta,Khanna,vamakshisetty@example.com,01990384983,1968-10-05,Female,Nagpur,Maharashtra,West,2023-03-27,Active
329,Qasim,Divan,pallabalhaar@example.org,+919945101622,1984-10-14,Male,Ahmedabad,Gujarat,West,2021-08-21,Active
330,Peter,Shah,balendra14@example.com,06168147214,1987-11-02,Female,Tirupati,AP,South,2023-11-27,Active
331,Odika,Vohra,shauryabhardwaj@example.org,8179469548,2004-07-28,Other,Jaipur,Rajasthan,West,2022-06-18,Inactive
332,Irya,Dayal,uvenkatesh@example.net,07293430107,2007-12-30,Other,Pune,Maharashtra,West,2022-08-08,Inactive
333,Jacob,Johal,csachdev@example.com,08303441448,2002-11-11,Male,Pune,Maharashtra,West,2021-09-09,Active
334,Ekiya,Ahuja,nathharita@example.com,9902355770,1974-09-03,Other,Visakhapatnam,AP,South,2021-12-20,Inactive
335,Vasatika,Dugal,vyadav@example.com,00849588039,1988-01-03,Other,Bangalore,Karnataka,South,2022-10-17,Active
336,Irya,Bhatti,avnibalasubramanian@example.com,08299629145,1967-08-03,Female,Bangalore,Karnataka,South,2022-08-18,Active
337,Anita,Sachdev,tanejawazir@example.com,04384215031,1995-08-20,Other,Kolkata,West Bengal,East,2023-01-11,Active
338,Yashawini,Bakshi,jtella@example.org,07845218230,1996-09-10,Male,Hyderabad,Telangana,South,2022-02-16,Active
339,Lila,Vig,agrawaldeepa@example.org,9157018409,1986-09-04,Female,Tirupati,AP,South,2021-02-23,Active
340,Shaurya,Nagi,reyanshmangat@example.com,5714224109,2003-07-08,Other,Visakhapatnam,AP,South,2021-09-23,Active
341,Yoshita,Chaudry,inayanagar@example.com,+914932149587,1968-11-19,Female,Bangalore,Karnataka,South,2022-09-26,Inactive
342,Kalpit,Balakrishnan,gbedi@example.com,+911662997954,1988-01-19,Other,Bhopal,MP,Central,2023-04-19,Active
343,Rudra,Walla,shroffkaran@example.org,7174773329,1982-12-29,Other,Chennai,Tamil Nadu,South,2022-10-12,Active
344,Januja,Ramanathan,ganganair@example.com,00171577245,2006-07-26,Other,Visakhapatnam,AP,South,2023-08-13,Active
345,Joshua,Trivedi,ravihredhaan@example.com,1487696393,2002-09-21,Male,Chennai,Tamil Nadu,South,2022-01-08,Inactive
346,Nathan,Subramaniam,vbhatti@example.org,9669583219,1998-07-20,Other,Delhi,Delhi,North,2021-09-12,Active
347,Ishwar,Sheth,gunbir72@example.com,01919657013,1974-11-20,Male,Lucknow,Uttar Pradesh,North,2021-12-04,Active
348,Aadi,Din,snehawali@example.com,09973354946,1988-11-10,Other,Ahmedabad,Gujarat,West,2022-12-10,Active
349,Gaurav,Anand,sdatta@example.org,08008514036,2005-08-05,Male,Bangalore,Karnataka,South,2022-05-29,Active
350,Meera,Nadkarni,yravi@example.com,3272386562,1985-01-23,Other,Chennai,Tamil Nadu,South,2022-09-13,Active
351,Jeremiah,Desai,boraamol@example.org,7621267969,1977-09-01,Male,Kolkata,West Bengal,East,2021-11-12,Active
352,Suhani,Upadhyay,ysengupta@example.com,+912690973846,2002-08-08,Male,Delhi,Delhi,North,2021-02-28,Active
353,Jeevika,Bandi,subramanianjyoti@example.org,7128478189,1971-06-15,Other,Jaipur,Rajasthan,West,2022-03-08,Inactive
354,Yatan,Sodhi,zachariadevika@example.net,+915807787956,1989-06-13,Other,Mumbai,Maharashtra,West,2023-10-17,Active
355,Chaitaly,Mann,balendramodi@example.net,4079290490,1984-12-13,Male,Lucknow,Uttar Pradesh,North,2023-09-17,Inactive
356,Vedhika,Butala,yashasvibose@example.com,02944401929,1975-09-20,Male,Lucknow,Uttar Pradesh,North,2023-07-18,Active
357,Sanya,Pingle,advikakeer@example.com,+918051292766,1981-08-17,Female,Kolkata,West Bengal,East,2023-06-20,Inactive
358,Ria,Ganesh,hemanibhagat@example.net,01027674783,1991-04-12,Female,Visakhapatnam,AP,South,2022-02-22,Active
359,Madhavi,Som,maanav86@example.org,07658018569,1983-12-26,Other,Surat,Gujarat,West,2022-10-16,Active
360,Gautami,Madan,guneet49@example.com,03938525800,1970-01-21,Female,Indore,MP,Central,2021-09-25,Active
361,Advik,Sabharwal,vohrahemang@example.net,05344300910,2005-11-12,Female,Surat,Gujarat,West,2022-05-11,Active
362,Teerth,Dara,chadhakalpit@example.com,9212447174,1994-06-28,Male,Jaipur,Rajasthan,West,2023-07-10,Active
363,Ekiya,Kurian,ethanmalhotra@example.org,06504427173,2006-12-19,Female,Hyderabad,Telangana,South,2021-04-14,Inactive
364,Maya,Gokhale,jchopra@example.net,03917410119,1982-06-27,Male,Bhopal,MP,Central,2022-05-24,Active
365,Sanaya,Bahl,pdixit@example.net,+910642569087,1997-12-21,Male,Surat,Gujarat,West,2022-01-24,Inactive
366,Rajata,Raval,zachariahupkaar@example.org,07198554601,1990-04-18,Female,Visakhapatnam,AP,South,2023-10-19,Inactive
367,Harini,Buch,pmann@example.org,+918063461571,1995-03-29,Female,Mumbai,Maharashtra,West,2021-07-04,Inactive
368,Ranveer,Dey,hansaryan@example.net,3761847870,1967-12-15,Other,Ahmedabad,Gujarat,West,2022-03-17,Active
369,Harinakshi,Bhalla,brijesh61@example.org,8782931027,1966-09-24,Female,Delhi,Delhi,North,2021-04-14,Inactive
370,Urishilla,Bath,kalpitatwal@example.org,0417929111,1999-04-07,Other,Tirupati,AP,South,2022-08-09,Active
371,Thomas,Bhatnagar,poojanazareth@example.net,6519825309,1977-03-28,Male,Hyderabad,Telangana,South,2023-06-02,Active
372,Gautami,Bhatnagar,mahallohit@example.com,+915827390219,1991-01-11,Female,Nagpur,Maharashtra,West,2023-04-06,Active
373,Nakul,Babu,abuch@example.org,+911946723248,1996-02-01,Other,Indore,MP,Central,2021-04-15,Active
374,Nisha,Khare,baljiwangole@example.net,09145608331,2001-07-07,Male,Nagpur,Maharashtra,West,2022-08-15,Inactive
375,Girish,Pathak,ucchaljoshi@example.com,+913127722005,1984-10-31,Other,Visakhapatnam,AP,South,2022-07-27,Active
376,Shaurya,Saran,gaurika97@example.org,+910822078113,1995-09-15,Female,Chennai,Tamil Nadu,South,2021-07-18,Active
377,Eshana,Saini,eshanakarpe@example.org,03136363179,1998-05-26,Male,Surat,Gujarat,West,2023-01-19,Active
378,Chatura,Sarin,taraksha@example.org,05273543520,2004-02-18,Male,Indore,MP,Central,2023-10-22,Active
379,Darpan,Mand,indrajitshroff@example.com,02534929298,1981-01-24,Other,Delhi,Delhi,North,2021-10-08,Active
380,Gabriel,Sabharwal,lkalita@example.com,04063356939,1975-07-28,Female,Tirupati,AP,South,2023-11-30,Active
381,Abdul,Sahni,bariaupma@example.net,0686717731,2003-06-10,Other,Chennai,Tamil Nadu,South,2022-11-03,Active
382,Advik,Ray,kevinparmer@example.com,+911074279907,1996-12-28,Other,Kolkata,West Bengal,East,2023-03-16,Active
383,Lakshit,Ravi,kamalashetty@example.net,0165804649,2002-05-07,Other,Surat,Gujarat,West,2023-11-05,Inactive
384,Sarthak,Buch,christopher85@example.org,+916579055281,2003-08-05,Male,Lucknow,Uttar Pradesh,North,2023-08-31,Active
385,Samarth,Devi,william81@example.net,09335548640,1969-09-30,Female,Surat,Gujarat,West,2021-08-13,Active
386,Kashish,Pai,gsunder@example.net,+917884795137,1971-05-18,Female,Mumbai,Maharashtra,West,2023-08-30,Active
387,Faris,Raman,bhavyabose@example.org,+914127238046,2002-04-12,Male,Delhi,Delhi,North,2023-09-11,Inactive
388,Kevin,Som,osha70@example.com,+911038569557,2005-10-23,Male,Chennai,Tamil Nadu,South,2022-05-12,Active
389,Sai,Shankar,kevin42@example.com,+917540254729,1976-05-17,Female,Pune,Maharashtra,West,2021-02-08,Active
390,Bhavika,Gopal,miteshedwin@example.org,+910592745238,1967-10-18,Female,Bhopal,MP,Central,2021-11-07,Active
391,Edhitha,Padmanabhan,kashishsen@example.net,+918410672752,1965-09-22,Other,Bhopal,MP,Central,2023-10-25,Inactive
392,Yashica,Narula,urvi49@example.net,+919751702814,1967-02-14,Other,Delhi,Delhi,North,2021-10-10,Active
393,Neelima,Kannan,fparikh@example.com,+919398343018,1995-09-30,Other,Surat,Gujarat,West,2023-09-07,Inactive
394,Gagan,Vala,fhayer@example.com,9805626565,1966-04-07,Female,Surat,Gujarat,West,2021-12-21,Active
395,Bhavani,Pai,darika78@example.org,+917674266299,1971-04-17,Other,Nagpur,Maharashtra,West,2022-06-26,Inactive
396,Maanas,Johal,vaishnavi85@example.org,6106462879,1974-10-02,Female,Pune,Maharashtra,West,2022-05-20,Active
397,Ryan,Grewal,jmann@example.com,+914947873002,1983-04-23,Female,Ahmedabad,Gujarat,West,2022-09-02,Active
398,Charita,Sodhi,maniomisha@example.org,03014719597,2003-12-03,Female,Tirupati,AP,South,2022-10-12,Active
399,Rajata,Kuruvilla,xdar@example.net,9042902572,1989-10-02,Male,Jaipur,Rajasthan,West,2022-08-13,Inactive
400,Nihal,Bera,jalsa65@example.org,04818321928,1987-05-22,Male,Indore,MP,Central,2022-12-08,Active
401,Diya,Mitra,janani18@example.net,02028457652,1972-05-27,Other,Delhi,Delhi,North,2022-08-13,Active
402,Tejas,Dubey,raghavvora@example.net,8167112075,1986-08-21,Other,Nagpur,Maharashtra,West,2023-06-25,Active
403,Janani,Dewan,wvirk@example.com,+914013223423,1974-04-18,Male,Tirupati,AP,South,2022-03-15,Active
404,Farhan,Sandal,brahmbhattanirudh@example.com,00310890714,1968-05-18,Male,Jaipur,Rajasthan,West,2021-10-09,Active
405,Dominic,Mitra,charjatin@example.net,+919325012495,1989-05-27,Other,Ahmedabad,Gujarat,West,2021-04-14,Active
406,Naveen,Tella,yashasvibir@example.org,0833428013,1999-09-29,Male,Ahmedabad,Gujarat,West,2021-04-18,Inactive
407,Vaishnavi,Peri,riachhabra@example.org,06638361517,1972-12-09,Male,Surat,Gujarat,West,2023-08-26,Active
408,Zinal,Deshpande,tpatel@example.com,0157164794,1995-08-24,Female,Mumbai,Maharashtra,West,2021-11-20,Inactive
409,Upkaar,Reddy,priya31@example.com,5207167811,1975-03-11,Female,Tirupati,AP,South,2022-02-13,Active
410,Megha,Rattan,gangulydhruv@example.com,+915396136749,2005-10-31,Male,Lucknow,Uttar Pradesh,North,2021-05-02,Active
411,Anjali,Ratta,vamakshi96@example.com,4271147732,1967-06-16,Female,Delhi,Delhi,North,2021-12-25,Active
412,Hardik,Bera,taraavi@example.org,09524991187,1997-02-23,Female,Delhi,Delhi,North,2023-03-25,Active
413,Saksham,Memon,gswaminathan@example.com,5880061675,1991-01-16,Male,Lucknow,Uttar Pradesh,North,2021-03-18,Active
414,Saanvi,Sharaf,balipeter@example.net,4276246719,1998-10-25,Female,Hyderabad,Telangana,South,2022-11-18,Inactive
415,Upma,Soni,yashawinibhalla@example.com,07969545009,1968-07-03,Other,Tirupati,AP,South,2021-10-02,Inactive
416,Kabir,Peri,avi56@example.org,05565033349,1971-03-20,Male,Jaipur,Rajasthan,West,2022-01-30,Active
417,Dominic,Mody,nazarethomkaar@example.org,5076986407,2005-06-12,Other,Kolkata,West Bengal,East,2023-07-29,Active
418,Anthony,Nadig,uramakrishnan@example.net,+917135785294,1990-02-27,Other,Kolkata,West Bengal,East,2021-01-29,Active
419,Rajata,Jaggi,iborra@example.org,04049639191,2005-09-16,Male,Lucknow,Uttar Pradesh,North,2022-01-31,Inactive
420,Gayathri,Mahajan,walivaishnavi@example.com,+915148468536,1992-10-23,Female,Bhopal,MP,Central,2023-11-22,Active
421,Zayan,Varma,bgole@example.net,8297374896,2003-12-16,Male,Indore,MP,Central,2021-07-15,Active
422,Darpan,Vig,janyashere@example.org,+912466513644,1976-05-12,Male,Tirupati,AP,South,2022-10-25,Active
423,Aahana,Keer,hkhare@example.org,+910347786603,1976-04-11,Male,Jaipur,Rajasthan,West,2023-02-25,Inactive
424,Anjali,Deshpande,kuruvillaarunima@example.net,2070015941,1993-02-17,Female,Jaipur,Rajasthan,West,2022-11-07,Active
425,Januja,Chana,pdey@example.org,8189847139,1973-10-03,Other,Jaipur,Rajasthan,West,2023-01-07,Active
426,Dhriti,Narayan,bkeer@example.org,+911234764907,2001-09-26,Female,Delhi,Delhi,North,2021-08-31,Active
427,Kavya,Chowdhury,pallavi73@example.com,+915754090034,2003-01-18,Other,Kolkata,West Bengal,East,2023-04-11,Active
428,Leena,More,jairaj83@example.com,00644134327,2008-05-25,Female,Hyderabad,Telangana,South,2022-08-28,Active
429,Edhitha,Ray,mahalfaris@example.com,06561248156,2006-05-29,Female,Ahmedabad,Gujarat,West,2021-10-01,Active
430,Eta,Setty,benqarin@example.net,02063459112,1982-06-02,Female,Visakhapatnam,AP,South,2023-02-05,Inactive
431,Zaitra,De,cnagarajan@example.com,2429543165,1977-10-23,Other,Pune,Maharashtra,West,2022-05-22,Active
432,Maya,Purohit,anshbajaj@example.net,9317342069,1994-08-15,Other,Visakhapatnam,AP,South,2023-12-18,Active
433,Abha,Dixit,pillaionkar@example.net,+910867713334,1985-01-11,Male,Bangalore,Karnataka,South,2021-08-18,Active
434,Warda,Raja,raaginijhaveri@example.net,+914362620443,2007-06-20,Female,Chennai,Tamil Nadu,South,2021-12-03,Inactive
435,Shravya,Kothari,tara10@example.com,+915636694118,1969-06-07,Other,Hyderabad,Telangana,South,2022-02-25,Inactive
436,Charles,Natarajan,urishillapandya@example.net,9004896465,1974-06-07,Female,Bangalore,Karnataka,South,2023-11-12,Active
437,Benjamin,Gola,omkaar87@example.com,02158624150,1974-02-19,Other,Visakhapatnam,AP,South,2021-09-28,Inactive
438,Xalak,Mand,qushi44@example.net,08562572870,1978-04-16,Other,Visakhapatnam,AP,South,2021-04-29,Inactive
439,Manthan,Bhagat,qadimbanik@example.com,02761707587,1996-08-01,Female,Lucknow,Uttar Pradesh,North,2021-02-14,Active
440,Waida,Chowdhury,jatinpalla@example.org,+914228499390,2001-03-25,Other,Mumbai,Maharashtra,West,2022-03-23,Active
441,Pranit,Saha,koshywishi@example.net,+915041659152,1967-05-26,Female,Delhi,Delhi,North,2023-05-18,Active
442,Finn,Sharma,osetty@example.com,0509759230,1984-09-08,Female,Delhi,Delhi,North,2021-05-22,Active
443,Ekantika,Bhakta,rajgeorge@example.com,02361032664,1975-12-04,Male,Lucknow,Uttar Pradesh,North,2023-04-18,Active
444,Jai,Misra,vsankaran@example.com,9251583776,1997-11-08,Female,Bhopal,MP,Central,2023-02-06,Inactive
445,Amrita,Sampath,samijyoti@example.net,+916610857327,2001-04-25,Male,Indore,MP,Central,2023-02-09,Active
446,Fiyaz,Mannan,fsarkar@example.com,02243864908,1970-08-23,Male,Nagpur,Maharashtra,West,2021-08-31,Inactive
447,Chakradev,Varghese,uppalpavani@example.com,+917945491801,1996-12-06,Male,Chennai,Tamil Nadu,South,2022-04-02,Active
448,Praneel,Gopal,fbath@example.com,4597794523,1978-01-11,Other,Lucknow,Uttar Pradesh,North,2023-08-07,Inactive
449,Farhan,Lad,sarafandrew@example.org,01027769749,2007-05-28,Male,Indore,MP,Central,2022-04-16,Inactive
450,Jalsa,Rana,gagan22@example.org,+911030372368,1978-06-05,Female,Nagpur,Maharashtra,West,2021-11-14,Active
451,Gabriel,Mitra,edivan@example.com,+911227770793,1979-02-19,Other,Hyderabad,Telangana,South,2021-03-07,Inactive
452,Chaitaly,Ramanathan,nathabhiram@example.org,6679984076,1998-07-07,Male,Mumbai,Maharashtra,West,2022-05-08,Active
453,Yochana,Sura,darshwable@example.org,09581467179,1989-01-11,Female,Hyderabad,Telangana,South,2021-03-10,Active
454,Saumya,Sarin,edwinbhavna@example.net,+917573839597,1974-05-11,Female,Ahmedabad,Gujarat,West,2021-04-01,Inactive
455,Chaaya,Ramakrishnan,yparsa@example.com,+919341722329,1998-12-05,Male,Ahmedabad,Gujarat,West,2022-03-21,Active
456,Harrison,Sagar,pmitter@example.org,0054522801,1988-06-01,Other,Lucknow,Uttar Pradesh,North,2022-04-25,Active
457,Qushi,Comar,jaikapur@example.com,05508428910,1995-03-25,Female,Surat,Gujarat,West,2022-05-01,Active
458,Tanvi,Choudhry,chaudrybenjamin@example.net,+912135247871,1975-12-08,Female,Ahmedabad,Gujarat,West,2023-04-27,Active
459,Januja,Natt,jasonjaggi@example.com,00375482145,1993-09-04,Other,Delhi,Delhi,North,2021-12-25,Inactive
460,Jalsa,Korpal,oviyakari@example.org,06678507208,1970-03-03,Female,Tirupati,AP,South,2021-04-07,Inactive
461,Frado,Nigam,neelima26@example.org,00290846684,1986-10-12,Female,Surat,Gujarat,West,2023-05-03,Active
462,Hemangini,Anand,manan67@example.net,+918997563410,2002-01-02,Male,Lucknow,Uttar Pradesh,North,2023-02-10,Inactive
463,Gaurika,Ramakrishnan,zinalzachariah@example.com,+911884852008,2005-10-02,Female,Ahmedabad,Gujarat,West,2022-04-07,Active
464,Aarna,Khurana,pahal81@example.net,+915485101749,1965-10-15,Other,Visakhapatnam,AP,South,2021-04-29,Inactive
465,Sudiksha,Nori,vivaanpalla@example.com,09268315893,1990-01-07,Male,Bhopal,MP,Central,2023-12-22,Inactive
466,Suhani,Chaudhari,pavanisabharwal@example.org,+910627371586,2005-06-18,Male,Ahmedabad,Gujarat,West,2022-06-07,Active
467,Zilmil,Rana,wishi67@example.net,06228277288,1973-06-20,Female,Bangalore,Karnataka,South,2023-07-11,Active
468,Simon,Shah,vbali@example.org,5196115940,2001-01-03,Female,Pune,Maharashtra,West,2021-04-16,Inactive
469,Michael,Dalal,dalaja54@example.com,00229604432,1998-09-12,Male,Delhi,Delhi,North,2021-05-30,Active
470,Aarnav,Das,ekansh06@example.com,4975679228,1996-10-19,Female,Tirupati,AP,South,2022-03-04,Active
471,Shivani,Sen,eshanachakraborty@example.net,9663658074,1971-06-17,Male,Mumbai,Maharashtra,West,2022-03-10,Active
472,Noah,Bakshi,jatin81@example.org,8909837801,2001-08-17,Other,Tirupati,AP,South,2022-05-12,Active
473,Pranit,Bahl,samesh39@example.com,+918956907056,1977-09-19,Other,Indore,MP,Central,2022-05-06,Active
474,Oeshi,Bajwa,lavanya41@example.org,+918242241246,1976-12-12,Female,Lucknow,Uttar Pradesh,North,2023-02-19,Active
475,Daniel,Nanda,avibhardwaj@example.com,01526546103,1981-09-27,Female,Lucknow,Uttar Pradesh,North,2022-06-20,Inactive
476,Warjas,Tailor,rcontractor@example.org,07861706304,2003-02-20,Other,Visakhapatnam,AP,South,2021-07-21,Inactive
477,Harrison,Koshy,daksharay@example.com,+918325823868,1996-03-05,Female,Surat,Gujarat,West,2022-02-21,Active
478,Benjamin,Agarwal,pmann@example.org,+910749465398,1984-07-30,Other,Bhopal,MP,Central,2021-04-04,Active
479,Chakradev,Edwin,mitalgaurav@example.com,1284639855,1983-03-22,Female,Chennai,Tamil Nadu,South,2021-02-03,Inactive
480,Sneha,Mahajan,ekantaom@example.org,09502097002,1993-07-20,Male,Lucknow,Uttar Pradesh,North,2021-11-09,Active
481,Vrinda,Ramaswamy,brahmbhattazaan@example.net,01569562017,1990-08-24,Other,Ahmedabad,Gujarat,West,2023-02-17,Active
482,Reyansh,Saxena,kantanmol@example.com,5319433750,1984-07-16,Female,Tirupati,AP,South,2022-11-23,Inactive
483,Waida,Kadakia,hayremeghana@example.org,09872839992,1969-11-18,Male,Tirupati,AP,South,2023-08-02,Active
484,Kabir,Bhattacharyya,aashikari@example.net,4308948706,1968-12-18,Other,Kolkata,West Bengal,East,2021-10-14,Inactive
485,Ekantika,Sankaran,hmahal@example.net,7758030468,1995-12-24,Other,Kolkata,West Bengal,East,2021-05-01,Active
486,Diya,Ahluwalia,vhayer@example.org,0361332541,2008-01-13,Male,Bangalore,Karnataka,South,2021-04-10,Inactive
487,Gunbir,Bala,zsankaran@example.org,5431735058,1981-07-18,Male,Chennai,Tamil Nadu,South,2022-04-19,Active
488,Elijah,Sarna,sekhonjeet@example.org,+910651207049,2008-01-17,Other,Mumbai,Maharashtra,West,2022-03-24,Inactive
489,Rachana,Bhatti,bhallacharles@example.com,06196399076,1997-01-08,Other,Nagpur,Maharashtra,West,2021-05-04,Inactive
490,Priya,Chaudhuri,atharv78@example.com,3110919392,2000-01-24,Male,Tirupati,AP,South,2021-02-02,Inactive
491,Aahana,Pant,usrivastava@example.net,02320024968,1989-10-11,Other,Mumbai,Maharashtra,West,2021-02-04,Active
492,Deepa,Dhingra,upasnamore@example.net,04508920388,1969-02-24,Other,Lucknow,Uttar Pradesh,North,2021-02-05,Inactive
493,Pahal,Padmanabhan,saijaggi@example.org,03779599594,1993-12-04,Male,Kolkata,West Bengal,East,2021-08-08,Active
494,Falguni,Gaba,shabrijesh@example.com,+910337933756,1979-05-29,Other,Ahmedabad,Gujarat,West,2022-01-29,Active
495,Mugdha,Gour,patiladvaith@example.org,00812473950,1967-06-15,Female,Nagpur,Maharashtra,West,2022-07-02,Active
496,Rushil,Hora,owen34@example.net,+915832302410,1974-10-10,Female,Nagpur,Maharashtra,West,2023-04-12,Active
497,Ladli,Choudhry,shivansh47@example.org,05289611223,1978-06-24,Other,Ahmedabad,Gujarat,West,2022-09-07,Active
498,Kritika,Prasad,pushti30@example.net,3842530428,2005-03-07,Female,Delhi,Delhi,North,2021-07-11,Inactive
499,Vrinda,Kadakia,singhaldhruv@example.org,6857872558,1998-04-28,Male,Indore,MP,Central,2023-09-02,Active
500,Warda,Som,nandini90@example.org,+913736346692,1990-11-22,Female,Kolkata,West Bengal,East,2021-06-19,Inactive
